<?xml version="1.0" encoding="UTF-8"?>
<beans:beans  xmlns="http://www.springframework.org/schema/mvc"
             xmlns:xsi="http://www.w3.org/2001/XMLSchema-instance"
             xmlns:beans="http://www.springframework.org/schema/beans"
             xmlns:context="http://www.springframework.org/schema/context"
             xmlns:aop="http://www.springframework.org/schema/aop"
             xmlns:p="http://www.springframework.org/schema/p"
             xmlns:util="http://www.springframework.org/schema/util"
             xmlns:task="http://www.springframework.org/schema/task"
             xmlns:websocket="http://www.springframework.org/schema/websocket"
             xsi:schemaLocation="http://www.springframework.org/schema/mvc https://www.springframework.org/schema/mvc/spring-mvc.xsd
		http://www.springframework.org/schema/beans https://www.springframework.org/schema/beans/spring-beans.xsd
		http://www.springframework.org/schema/context https://www.springframework.org/schema/context/spring-context.xsd
		http://www.springframework.org/schema/aop http://www.springframework.org/schema/aop/spring-aop.xsd
		http://www.springframework.org/schema/util http://www.springframework.org/schema/util/spring-util.xsd
        http://www.springframework.org/schema/task http://www.springframework.org/schema/task/spring-task.xsd
        http://www.springframework.org/schema/websocket http://www.springframework.org/schema/websocket/spring-websocket.xsd">

	<annotation-driven />
	
	    <task:annotation-driven/>
	
<aop:config proxy-target-class="true">
        <aop:pointcut id="controllerOperation" expression="execution(public * com.sp.app..*Controller.*(..))"/>
    </aop:config>

	<!-- Handles HTTP GET requests for /resources/** by efficiently serving up static resources in the ${webappRoot}/resources directory -->

	<!-- Resolves views selected for rendering by @Controllers to .jsp resources in the /WEB-INF/views directory -->
	 <beans:bean class="org.springframework.web.servlet.view.UrlBasedViewResolver">
        <beans:property name="order" value="1"/>
        <beans:property name="viewClass" value="org.springframework.web.servlet.view.tiles3.TilesView"/>
        <beans:property name="viewNames" value=".*"/>
    </beans:bean>
    <beans:bean class="org.springframework.web.servlet.view.InternalResourceViewResolver">
        <beans:property name="order" value="2"/>
        <beans:property name="viewClass" value="org.springframework.web.servlet.view.JstlView"/>
        <beans:property name="prefix" value="/WEB-INF/views/"/>
        <beans:property name="suffix" value=".jsp"/>
    </beans:bean>
    
        <beans:bean id="multipartResolver" class="org.springframework.web.multipart.commons.CommonsMultipartResolver">
        <beans:property name="defaultEncoding" value="utf-8"/>
        <beans:property name="maxUploadSize" value="10485760"/>
    </beans:bean>

	
	<context:component-scan base-package="com.sp.app" />
	
	
	
</beans:beans>
