<?xml version="1.0" encoding="UTF-8"?>

<!DOCTYPE mapper PUBLIC "-//mybatis.org//DTD Mapper 3.0//EN" "http://mybatis.org/dtd/mybatis-3-mapper.dtd">
<mapper namespace="member">

	<insert id="insertMember" parameterType="com.sp.app.member.Member">
		INSERT INTO USR(user_id, name, birth, sex, hire_date, rank, grade, dept_field, status_office, email, password, profile_img, hide)
		VALUES (#{userId}, #{name}, #{birth}, #{sex}, #{hireDate}, #{rank}, #{grade}, #{deptField}, #{statusOffice}, #{email}, #{password}, #{profileImg}, 1)
	</insert>

	<select id="listMember" parameterType="map" resultType="com.sp.app.member.Member">
		SELECT name, user_id as userId, hire_date as hireDate, birth, rank, grade, status_office as statusOffice FROM usr
		WHERE 1=1 AND hide = 1
		<if test="name != null and name != ''">
        AND name LIKE '%' || #{name} || '%'
		</if>
		<if test="grade != null and grade != ''">
     		   AND grade = #{grade}
		</if>
		<if test="employmentStatus != null and employmentStatus != ''">
		  AND status_office = #{employmentStatus}
		</if>
		<if test="hireDate != null">
		  AND hire_date &gt;= #{hireDate}
		</if>
		<if test="hireDateTo != null">
		  AND hire_date &lt;= #{hireDateTo}
		</if>
		ORDER BY name ASC OFFSET #{offset} ROWS FETCH FIRST #{size} ROWS ONLY
	</select>
	
	<!-- 
	<delete id="deleteMember" parameterType="Long">
		DELETE FROM USR WHERE user_id = #{userId}
	</delete>
	 -->
	 
	<update id="deleteMember" parameterType="com.sp.app.member.Member">
		UPDATE USR SET hide=2
		WHERE user_id = #{userId}
	</update>
	
	<select id ="readMember" parameterType="Long" resultType="com.sp.app.member.Member">
		SELECT name, user_id as userId, hire_date as hireDate, birth, rank, grade, status_office as statusOffice,
		 password, profile_img as profileImg, sex, dept_field as deptField, email
		FROM usr
		WHERE user_id = #{userId}
	</select>
	 
	<select id="readFile" parameterType="Long" resultType="com.sp.app.member.Member">
		Select user_id as userId, profile_img as profileImg
		FROM usr
		WHERE user_id = #{userId}
	</select>
	
	<update id="updateMember" parameterType="com.sp.app.member.Member"> 
	UPDATE USR SET birth=#{birth}, hire_date=#{hireDate}, rank=#{rank}, grade=#{grade}, dept_field=#{deptField}, status_office=#{statusOffice}, email=#{email}, profile_img=#{profileImg}
    WHERE user_id = #{userId} 
	</update>
	
	<select id="dataCount" parameterType="map" resultType="Integer">
	SELECT NVL(COUNT(user_id), 0) FROM USR
		WHERE 1=1 AND hide = 1
		<if test="name != null and name != ''">
        AND name LIKE '%' || #{name} || '%'
		</if>
		<if test="grade != null and grade != ''">
     		   AND grade = #{grade}
		</if>
		<if test="employmentStatus != null and employmentStatus != ''">
		  AND status_office = #{employmentStatus}
		</if>
		<if test="hireDate != null">
		  AND hire_date &gt;= #{hireDate}
		</if>
		<if test="hireDateTo != null">
		  AND hire_date &lt;= #{hireDateTo}
		</if>
	</select>
	
</mapper>