<?xml version="1.0" encoding="UTF-8"?>

<!DOCTYPE mapper PUBLIC "-//mybatis.org//DTD Mapper 3.0//EN" "http://mybatis.org/dtd/mybatis-3-mapper.dtd">
<mapper namespace="mempjt">

	<insert id="insertMempjt" parameterType="com.sp.app.mempjt.Mempjt">
		INSERT INTO user_project(user_id, pjt_id)
		VALUES (#{userId}, #{pjtId})
	</insert>
	
	<select id="listMempjt" parameterType="Long" resultType="com.sp.app.mempjt.Mempjt">
		SELECT user_id as userId, up.pjt_id as pjtId, pjt_name as pjtName, client_co as clientCo, pjt_indt as pjtIndt, pjt_wtdt as pjtWtdt, pjt_role as pjtRole
		FROM user_project up 
		JOIN project p ON up.pjt_id = p.pjt_id 
		WHERE user_id = #{userId}
	</select>
	
	<delete id="deleteMempjt" parameterType="map">
		DELETE FROM USER_PROJECT WHERE user_id = #{userId} AND pjt_id = #{pjtId}
	</delete>
	
	<select id = "readMempjt" parameterType="Map" resultType="com.sp.app.mempjt.Mempjt">
		SELECT user_id as userId, up.pjt_id as pjtId, pjt_name as pjtName, client_co as clientCo, pjt_indt as pjtIndt, pjt_wtdt as pjtWtdt, pjt_role as pjtRole,
			pjt_stdt as pjtStdt, pjt_enddt as pjtEnddt
		FROM user_project up
		JOIN project p ON up.pjt_id = p.pjt_id
		WHERE user_id = #{userId} AND up.pjt_id = #{pjtId}
	</select>
	
	<update id="updateMempjt" parameterType="com.sp.app.mempjt.Mempjt"> 
	UPDATE USER_PROJECT SET  pjt_indt=#{pjtIndt}, pjt_wtdt=#{pjtWtdt}, pjt_role=#{pjtRole}
    WHERE user_id= #{userId} AND pjt_id = #{pjtId} 
	</update>
</mapper>

