<?xml version="1.0" encoding="UTF-8"?>

<!DOCTYPE mapper PUBLIC "-//mybatis.org//DTD Mapper 3.0//EN" "http://mybatis.org/dtd/mybatis-3-mapper.dtd">
<mapper namespace="pjtmem">

	<select id="listMember" parameterType="map" resultType="com.sp.app.member.Member">
		SELECT name, user_id as userId, rank, grade FROM usr
		WHERE 1=1
		<if test="name != null and name != ''">
        AND name LIKE '%' || #{name} || '%'
		</if>
	</select>
	
	<select id="listPjtmem" parameterType="Long" resultType="com.sp.app.mempjt.Mempjt">
		SELECT up.user_id as userId, pjt_id as pjtId, name, grade, rank, pjt_indt as pjtIndt, pjt_wtdt as pjtWtdt, pjt_role as pjtRole
		FROM user_project up
		JOIN usr u ON up.user_id = u.user_id
		WHERE pjt_id = #{pjtId}
	</select>
	
	<select id = "readPjtmem" parameterType="Map" resultType="com.sp.app.mempjt.Mempjt">
		SELECT up.user_id as userId, up.pjt_id as pjtId, name, pjt_indt as pjtIndt, pjt_wtdt as pjtWtdt, pjt_role as pjtRole
		FROM user_project up
		JOIN usr u ON up.user_id = u.user_id
		WHERE up.user_id = #{userId} AND pjt_id = #{pjtId}
	</select>
	
</mapper>

