<?xml version="1.0" encoding="UTF-8"?>

<!DOCTYPE mapper PUBLIC "-//mybatis.org//DTD Mapper 3.0//EN" "http://mybatis.org/dtd/mybatis-3-mapper.dtd">
<mapper namespace="project">

	<select id="project_seq" resultType="Long">
		SELECT project_seq.NEXTVAL FROM dual
	</select>
	
	<insert id="insertProject" parameterType="com.sp.app.project.Project">
		INSERT INTO PROJECT(pjt_id, pjt_name, pjt_stdt, pjt_enddt, client_co, hide)
		VALUES (#{pjtId}, #{pjtName}, #{pjtStdt}, #{pjtEnddt}, #{clientCo}, 1)
	</insert>
	
	<select id="listProject" parameterType="map" resultType="com.sp.app.project.Project">
		SELECT pjt_id as pjtId, pjt_name as pjtName, client_co as clientCo, pjt_stdt as pjtStdt, pjt_enddt as pjtEnddt
		FROM project
		WHERE 1=1 AND hide = 1
		<if test="pjtName != null and pjtName != ''">
        AND pjt_name LIKE '%' || #{pjtName} || '%'
		</if>
		<if test="clientCo != null and clientCo != ''">
     		   AND client_Co = #{clientCo}
		</if>
		<if test="pjtStdt != null">
			AND pjt_enddt &gt;=#{pjtStdt}
		</if>
		<if test="pjtEnddt != null">
			AND pjt_stdt &lt;=#{pjtEnddt}
		</if>
		ORDER BY pjt_id DESC
	</select>
	
	<select id = "readProject" parameterType="Long" resultType="com.sp.app.project.Project">
		SELECT pjt_id as pjtId, pjt_name as pjtName, client_co as clientCo, pjt_stdt as pjtStdt, pjt_enddt as pjtEnddt
		FROM project
		WHERE pjt_id = #{pjtId}
	</select>
	
	<!-- 
	<delete id="deleteProject" parameterType="Long">
		DELETE FROM PROJECT WHERE pjt_id = #{pjtId}
	</delete>
	 -->
	
	<update id="deleteProject" parameterType="com.sp.app.project.Project" >
		UPDATE PROJECT SET hide=2
		WHERE pjt_id = #{pjtId}
	</update>
	 
	<update id="updateProject" parameterType="com.sp.app.project.Project"> 
	UPDATE PROJECT SET pjt_name=#{pjtName}, client_co=#{clientCo}, pjt_stdt=#{pjtStdt}, pjt_enddt=#{pjtEnddt}
    WHERE pjt_id = #{pjtId} 
	</update>
	
</mapper>

